{
 "Panel1": [
    {
      "id":0,
      "item": "Camera",
      "price": "£30",
      "image": "images/Camera.jpg"
    },
    {
      "id":1,
      "item": "Camera",
      "price": "£30",
      "image": "images/Camera.jpg"
    },
    {
      "id":2,
      "item": "Camera",
      "price": "£0",
      "image": "images/Camera.jpg"
    },
    {
      "id":3,
      "item": "Camera",
      "price": "£0",
      "image": "images/Camera.jpg"
    },
    {
      "id":4,
      "item": "Camera",
      "price": "£0",
      "image": "images/Camera.jpg"
    }
],

 "Panel2": [
    {
      "id":0,
      "item": "Camera",
      "price": "£30",
      "image": "images/Camera.jpg"
    },
    {
      "id":1,
      "item": "Camera",
      "price": "£30",
      "image": "images/Camera.jpg"
    },
    {
      "id":2,
      "item": "Camera",
      "price": "£0",
      "image": "images/Camera.jpg"
    },
    {
      "id":3,
      "item": "Camera",
      "price": "£0",
      "image": "images/Camera.jpg"
    },
    {
      "id":4,
      "item": "Camera",
      "price": "£0",
      "image": "images/Camera.jpg"
    },
        {
      "id":5,
      "item": "Camera",
      "price": "£0",
      "image": "images/Camera.jpg"
    },
    {
      "id":6,
      "item": "Camera",
      "price": "£0",
      "image": "images/Camera.jpg"
    },
    {
      "id":6,
      "item": "Camera",
      "price": "£0",
      "image": "images/Camera.jpg"
    }


]

}